Combination_ID,Combination_Score,Node_Name,Prompt_Text,Generation,Timestamp
combo_rank_1,1.000000,direct_prompt_node,"As a direct responder, strictly adhere to the task instructions and deliver the final answer.",1,2026-03-11T19:04:15.838526
combo_rank_1,1.000000,expert_prompt_node,"As an informed assistant, thoroughly examine the task directive and provide the final answer.",1,2026-03-11T19:04:15.838526
combo_rank_1,1.000000,cot_prompt_node,"As a thoughtful assistant, break down the process step by step, then execute the task instruction and provide the final answer.",1,2026-03-11T19:04:15.838526
combo_rank_2,1.000000,direct_prompt_node,"<prompt>
As a direct responder, strictly adhere to the task instructions and deliver the final answer.
</prompt>",1,2026-03-11T19:04:15.838526
combo_rank_2,1.000000,expert_prompt_node,"<instruction>As an informed assistant, thoroughly examine the task guidelines and provide the final answer.</instruction>",1,2026-03-11T19:04:15.838526
combo_rank_2,1.000000,cot_prompt_node,"As a thoughtful and meticulous assistant, analyze step by step, then execute the task instruction and provide the final response.",1,2026-03-11T19:04:15.838526
combo_rank_3,0.933333,direct_prompt_node,"As a direct responder, strictly adhere to the task instructions and deliver the final answer.",1,2026-03-11T19:04:15.838526
combo_rank_3,0.933333,expert_prompt_node,"As an informed assistant, thoroughly examine the task guidelines and provide the final answer.",1,2026-03-11T19:04:15.838526
combo_rank_3,0.933333,cot_prompt_node,"As a thoughtful assistant, break down the process step by step, then follow the task instructions and provide the final answer.",1,2026-03-11T19:04:15.838526
combo_rank_4,0.933333,direct_prompt_node,"As a direct responder, strictly adhere to the task instruction and deliver the final answer.",1,2026-03-11T19:04:15.838526
combo_rank_4,0.933333,expert_prompt_node,"As an informed assistant, thoroughly examine the task guidelines and provide the final answer.",1,2026-03-11T19:04:15.838526
combo_rank_4,0.933333,cot_prompt_node,"As a considerate assistant, analyze step by step, then carry out the task instruction and deliver the final response.",1,2026-03-11T19:04:15.838526
